index,set
50962,support
68923,support
75250,support
62962,support
68915,support
43311,support
79818,support
63330,support
79363,support
79310,support
79379,support
43314,support
75616,support
50947,support
43331,support
68920,support
63453,support
50937,support
43328,support
52927,support
43364,support
68930,support
75618,support
62856,support
68935,support
75671,support
79355,support
43345,support
52921,support
75623,support
52916,support
75653,support
68933,support
75634,support
43310,support
52899,support
75622,support
75654,support
68927,support
47893,support
75631,support
77252,support
50967,support
79816,support
79281,support
6312,support
52911,support
75611,support
75608,support
52875,support
43342,support
50968,support
53266,support
67512,support
47933,support
67511,support
47928,support
43343,support
68919,support
68790,support
52912,support
50945,support
9225,support
52917,support
62948,support
63444,support
52928,support
43369,support
43321,support
52905,support
75228,support
50958,support
50940,support
68936,support
43376,support
77250,support
68914,support
52933,support
47894,support
52894,support
6309,support
67514,support
50960,support
77251,support
47892,support
79309,support
52930,support
43344,support
62954,support
43339,support
53282,support
51363,support
52897,support
68926,support
68917,support
79304,support
79375,support
75655,support
62956,support
68934,support
43333,support
50946,support
9202,support
75227,support
47936,support
80685,support
75617,support
75628,support
68921,support
75668,support
79376,support
75660,support
47927,support
68928,support
68924,support
52910,support
52908,support
68922,support
62858,support
79367,support
43341,support
75229,support
52898,support
52932,support
52922,support
63446,support
75242,support
43338,support
38751,support
43320,support
75610,support
62942,support
75251,support
67471,support
75620,support
75629,support
62871,support
47930,support
43370,support
43332,support
79282,support
62870,support
75657,support
50939,support
53289,query
66683,query
75667,query
13722,query
68932,query
79373,query
62866,query
53275,query
80719,query
75624,query
79366,query
53262,query
50944,query
53281,query
63452,query
50935,query
6308,query
62943,query
47903,query
75635,query
68918,query
6313,query
43334,query
43322,query
9208,query
43360,query
75626,query
50936,query
47934,query
75612,query
62953,query
75661,query
43313,query
68916,query
53263,query
79817,query
80718,query
75670,query
75632,query
52904,query
43363,query
79372,query
75658,query
52903,query
50961,query
43324,query
63441,query
79819,query
52909,query
75674,query
6311,query
43327,query
63445,query
52893,query
43318,query
63440,query
79378,query
43317,query
75625,query
79364,query
75675,query
47935,query
50942,query
75652,query
47929,query
43372,query
51362,query
79305,query
75630,query
50943,query
47904,query
52931,query
75609,query
62961,query
47931,query
68929,query
43325,query
43340,query
43319,query
50959,query
43309,query
68925,query
79311,query
75633,query
79370,query
75613,query
67472,query
62957,query
6314,query
79369,query
14674,query
79377,query
79371,query
50938,query
75659,query
77253,query
79365,query
68931,query
52915,query
43315,query
75619,query
47902,query
52925,query
52876,query
43329,query
54521,query
43335,query
79368,query
10388,query
43326,query
43312,query
75662,query
63438,query
75666,query
75663,query
43337,query
53279,query
75672,query
52920,query
9201,query
53276,query
75621,query
75665,query
